<?xml version="1.0" encoding="UTF-8"?><rss version="2.0"
	xmlns:content="http://purl.org/rss/1.0/modules/content/"
	xmlns:dc="http://purl.org/dc/elements/1.1/"
	xmlns:atom="http://www.w3.org/2005/Atom"
	xmlns:sy="http://purl.org/rss/1.0/modules/syndication/"
	
	>
<channel>
	<title>
	Comments on: Straw Hat	</title>
	<atom:link href="http://localhost/datphan/product/straw-hat/feed/?simply_static_page=160" rel="self" type="application/rss+xml" />
	<link>https://http://github.com/DatPhan031023/DatPhan031023.github/product/straw-hat/</link>
	<description></description>
	<lastBuildDate>Sat, 09 Sep 2023 14:43:43 +0000</lastBuildDate>
	<sy:updatePeriod>
	hourly	</sy:updatePeriod>
	<sy:updateFrequency>
	1	</sy:updateFrequency>
	<generator>https://wordpress.org/?v=6.3.1</generator>
</channel>
</rss>
