<?xml version="1.0" encoding="UTF-8"?><rss version="2.0"
	xmlns:content="http://purl.org/rss/1.0/modules/content/"
	xmlns:dc="http://purl.org/dc/elements/1.1/"
	xmlns:atom="http://www.w3.org/2005/Atom"
	xmlns:sy="http://purl.org/rss/1.0/modules/syndication/"
	
	>
<channel>
	<title>
	Comments for DP Fashion	</title>
	<atom:link href="http://localhost/datphan/comments/feed/?simply_static_page=10" rel="self" type="application/rss+xml" />
	<link>https://http://github.com/DatPhan031023/DatPhan031023.github</link>
	<description></description>
	<lastBuildDate>Fri, 25 Aug 2023 16:19:55 +0000</lastBuildDate>
	<sy:updatePeriod>
	hourly	</sy:updatePeriod>
	<sy:updateFrequency>
	1	</sy:updateFrequency>
	<generator>https://wordpress.org/?v=6.3.1</generator>
	<item>
		<title>
		Comment on Hello world! by A WordPress Commenter		</title>
		<link>https://http://github.com/DatPhan031023/DatPhan031023.github/2023/08/25/hello-world/#comment-1</link>

		<dc:creator><![CDATA[A WordPress Commenter]]></dc:creator>
		<pubDate>Fri, 25 Aug 2023 16:19:55 +0000</pubDate>
		<guid isPermaLink="false">https://http://github.com/DatPhan031023/DatPhan031023.github/?p=1#comment-1</guid>

					<description><![CDATA[Hi, this is a comment.
To get started with moderating, editing, and deleting comments, please visit the Comments screen in the dashboard.
Commenter avatars come from &lt;a href=&quot;https://en.gravatar.com/&quot;&gt;Gravatar&lt;/a&gt;.]]></description>
			<content:encoded><![CDATA[<p>Hi, this is a comment.<br />
To get started with moderating, editing, and deleting comments, please visit the Comments screen in the dashboard.<br />
Commenter avatars come from <a href="https://en.gravatar.com/">Gravatar</a>.</p>
]]></content:encoded>
		
			</item>
	</channel>
</rss>
