<?xml version="1.0" encoding="UTF-8"?><rss version="2.0"
	xmlns:content="http://purl.org/rss/1.0/modules/content/"
	xmlns:wfw="http://wellformedweb.org/CommentAPI/"
	xmlns:dc="http://purl.org/dc/elements/1.1/"
	xmlns:atom="http://www.w3.org/2005/Atom"
	xmlns:sy="http://purl.org/rss/1.0/modules/syndication/"
	xmlns:slash="http://purl.org/rss/1.0/modules/slash/"
	>

<channel>
	<title>Shop &#8211; DP Fashion</title>
	<atom:link href="http://localhost/datphan/shop/feed/?simply_static_page=69" rel="self" type="application/rss+xml" />
	<link>https://http://github.com/DatPhan031023/DatPhan031023.github</link>
	<description></description>
	<lastBuildDate>Sat, 09 Sep 2023 14:51:55 +0000</lastBuildDate>
	<language>en-US</language>
	<sy:updatePeriod>
	hourly	</sy:updatePeriod>
	<sy:updateFrequency>
	1	</sy:updateFrequency>
	<generator>https://wordpress.org/?v=6.3.1</generator>
	<item>
		<title>Apple Watch</title>
		<link>https://http://github.com/DatPhan031023/DatPhan031023.github/product/apple-watch/</link>
					<comments>https://http://github.com/DatPhan031023/DatPhan031023.github/product/apple-watch/#respond</comments>
		
		<dc:creator><![CDATA[datphan]]></dc:creator>
		<pubDate>Sat, 09 Sep 2023 14:51:54 +0000</pubDate>
				<guid isPermaLink="false">https://http://github.com/DatPhan031023/DatPhan031023.github/?post_type=product#038;p=60</guid>

					<description><![CDATA[]]></description>
										<content:encoded><![CDATA[<p><img decoding="async" fetchpriority="high" class="alignnone size-full wp-image-62" src="https://http://github.com/DatPhan031023/DatPhan031023.github/wp-content/uploads/2023/09/myau2-vw-34frwatch-40-alum-blue-nc-6s-vw-34fr-wf-co.jpg" alt="" width="1400" height="1400" /></p>
]]></content:encoded>
					
					<wfw:commentRss>https://http://github.com/DatPhan031023/DatPhan031023.github/product/apple-watch/feed/</wfw:commentRss>
			<slash:comments>0</slash:comments>
		
		
			</item>
		<item>
		<title>Classic Watch</title>
		<link>https://http://github.com/DatPhan031023/DatPhan031023.github/product/classic-watch/</link>
					<comments>https://http://github.com/DatPhan031023/DatPhan031023.github/product/classic-watch/#respond</comments>
		
		<dc:creator><![CDATA[datphan]]></dc:creator>
		<pubDate>Sat, 09 Sep 2023 14:50:24 +0000</pubDate>
				<guid isPermaLink="false">https://http://github.com/DatPhan031023/DatPhan031023.github/?post_type=product#038;p=56</guid>

					<description><![CDATA[]]></description>
										<content:encoded><![CDATA[<p><img decoding="async" class="alignnone size-full wp-image-57" src="https://http://github.com/DatPhan031023/DatPhan031023.github/wp-content/uploads/2023/09/81d6eSA0eL._SY550_.jpg" alt="" width="368" height="550" /></p>
]]></content:encoded>
					
					<wfw:commentRss>https://http://github.com/DatPhan031023/DatPhan031023.github/product/classic-watch/feed/</wfw:commentRss>
			<slash:comments>0</slash:comments>
		
		
			</item>
		<item>
		<title>Black Pant</title>
		<link>https://http://github.com/DatPhan031023/DatPhan031023.github/product/black-pant/</link>
					<comments>https://http://github.com/DatPhan031023/DatPhan031023.github/product/black-pant/#respond</comments>
		
		<dc:creator><![CDATA[datphan]]></dc:creator>
		<pubDate>Sat, 09 Sep 2023 14:47:57 +0000</pubDate>
				<guid isPermaLink="false">https://http://github.com/DatPhan031023/DatPhan031023.github/?post_type=product#038;p=55</guid>

					<description><![CDATA[]]></description>
										<content:encoded><![CDATA[]]></content:encoded>
					
					<wfw:commentRss>https://http://github.com/DatPhan031023/DatPhan031023.github/product/black-pant/feed/</wfw:commentRss>
			<slash:comments>0</slash:comments>
		
		
			</item>
		<item>
		<title>Khaki Pant</title>
		<link>https://http://github.com/DatPhan031023/DatPhan031023.github/product/khaki-pant/</link>
					<comments>https://http://github.com/DatPhan031023/DatPhan031023.github/product/khaki-pant/#respond</comments>
		
		<dc:creator><![CDATA[datphan]]></dc:creator>
		<pubDate>Sat, 09 Sep 2023 14:47:25 +0000</pubDate>
				<guid isPermaLink="false">https://http://github.com/DatPhan031023/DatPhan031023.github/?post_type=product#038;p=51</guid>

					<description><![CDATA[]]></description>
										<content:encoded><![CDATA[]]></content:encoded>
					
					<wfw:commentRss>https://http://github.com/DatPhan031023/DatPhan031023.github/product/khaki-pant/feed/</wfw:commentRss>
			<slash:comments>0</slash:comments>
		
		
			</item>
		<item>
		<title>Yellow Sport Hat</title>
		<link>https://http://github.com/DatPhan031023/DatPhan031023.github/product/yellow-sport-hat/</link>
					<comments>https://http://github.com/DatPhan031023/DatPhan031023.github/product/yellow-sport-hat/#respond</comments>
		
		<dc:creator><![CDATA[datphan]]></dc:creator>
		<pubDate>Sat, 09 Sep 2023 14:45:13 +0000</pubDate>
				<guid isPermaLink="false">https://http://github.com/DatPhan031023/DatPhan031023.github/?post_type=product#038;p=49</guid>

					<description><![CDATA[]]></description>
										<content:encoded><![CDATA[]]></content:encoded>
					
					<wfw:commentRss>https://http://github.com/DatPhan031023/DatPhan031023.github/product/yellow-sport-hat/feed/</wfw:commentRss>
			<slash:comments>0</slash:comments>
		
		
			</item>
		<item>
		<title>Straw Hat</title>
		<link>https://http://github.com/DatPhan031023/DatPhan031023.github/product/straw-hat/</link>
					<comments>https://http://github.com/DatPhan031023/DatPhan031023.github/product/straw-hat/#respond</comments>
		
		<dc:creator><![CDATA[datphan]]></dc:creator>
		<pubDate>Sat, 09 Sep 2023 14:43:41 +0000</pubDate>
				<guid isPermaLink="false">https://http://github.com/DatPhan031023/DatPhan031023.github/?post_type=product#038;p=45</guid>

					<description><![CDATA[]]></description>
										<content:encoded><![CDATA[]]></content:encoded>
					
					<wfw:commentRss>https://http://github.com/DatPhan031023/DatPhan031023.github/product/straw-hat/feed/</wfw:commentRss>
			<slash:comments>0</slash:comments>
		
		
			</item>
		<item>
		<title>Red Shirt</title>
		<link>https://http://github.com/DatPhan031023/DatPhan031023.github/product/red-shirt/</link>
					<comments>https://http://github.com/DatPhan031023/DatPhan031023.github/product/red-shirt/#respond</comments>
		
		<dc:creator><![CDATA[datphan]]></dc:creator>
		<pubDate>Sat, 09 Sep 2023 14:39:50 +0000</pubDate>
				<guid isPermaLink="false">https://http://github.com/DatPhan031023/DatPhan031023.github/?post_type=product#038;p=43</guid>

					<description><![CDATA[]]></description>
										<content:encoded><![CDATA[<p><img decoding="async" class="alignnone size-full wp-image-44" src="https://http://github.com/DatPhan031023/DatPhan031023.github/wp-content/uploads/2023/09/images.jpg" alt="" width="225" height="225" /></p>
]]></content:encoded>
					
					<wfw:commentRss>https://http://github.com/DatPhan031023/DatPhan031023.github/product/red-shirt/feed/</wfw:commentRss>
			<slash:comments>0</slash:comments>
		
		
			</item>
		<item>
		<title>Yellow Shirt</title>
		<link>https://http://github.com/DatPhan031023/DatPhan031023.github/product/yellow-shirt/</link>
					<comments>https://http://github.com/DatPhan031023/DatPhan031023.github/product/yellow-shirt/#respond</comments>
		
		<dc:creator><![CDATA[datphan]]></dc:creator>
		<pubDate>Sat, 09 Sep 2023 14:33:09 +0000</pubDate>
				<guid isPermaLink="false">https://http://github.com/DatPhan031023/DatPhan031023.github/?post_type=product#038;p=35</guid>

					<description><![CDATA[]]></description>
										<content:encoded><![CDATA[<p><img decoding="async" loading="lazy" class="alignnone size-full wp-image-36" src="https://http://github.com/DatPhan031023/DatPhan031023.github/wp-content/uploads/2023/09/product-jpeg.jpg" alt="" width="512" height="512" /></p>
]]></content:encoded>
					
					<wfw:commentRss>https://http://github.com/DatPhan031023/DatPhan031023.github/product/yellow-shirt/feed/</wfw:commentRss>
			<slash:comments>0</slash:comments>
		
		
			</item>
		<item>
		<title>Orange Shirt</title>
		<link>https://http://github.com/DatPhan031023/DatPhan031023.github/product/orange-shirt/</link>
					<comments>https://http://github.com/DatPhan031023/DatPhan031023.github/product/orange-shirt/#respond</comments>
		
		<dc:creator><![CDATA[datphan]]></dc:creator>
		<pubDate>Fri, 08 Sep 2023 14:31:37 +0000</pubDate>
				<guid isPermaLink="false">https://http://github.com/DatPhan031023/DatPhan031023.github/?post_type=product#038;p=30</guid>

					<description><![CDATA[Comfort and Nice]]></description>
										<content:encoded><![CDATA[<p><img decoding="async" loading="lazy" class="alignnone size-full wp-image-32" src="https://http://github.com/DatPhan031023/DatPhan031023.github/wp-content/uploads/2023/09/tshirt_204029461_1000.jpg" alt="" width="927" height="1000" /></p>
]]></content:encoded>
					
					<wfw:commentRss>https://http://github.com/DatPhan031023/DatPhan031023.github/product/orange-shirt/feed/</wfw:commentRss>
			<slash:comments>0</slash:comments>
		
		
			</item>
		<item>
		<title>Blue Shirt</title>
		<link>https://http://github.com/DatPhan031023/DatPhan031023.github/product/t-shirt/</link>
					<comments>https://http://github.com/DatPhan031023/DatPhan031023.github/product/t-shirt/#respond</comments>
		
		<dc:creator><![CDATA[datphan]]></dc:creator>
		<pubDate>Fri, 08 Sep 2023 14:23:36 +0000</pubDate>
				<guid isPermaLink="false">https://http://github.com/DatPhan031023/DatPhan031023.github/?post_type=product#038;p=21</guid>

					<description><![CDATA[]]></description>
										<content:encoded><![CDATA[<p><img decoding="async" loading="lazy" class="alignnone size-full wp-image-33" src="https://http://github.com/DatPhan031023/DatPhan031023.github/wp-content/uploads/2023/09/shirt_378037390_1000.jpg" alt="" width="667" height="1000" /></p>
]]></content:encoded>
					
					<wfw:commentRss>https://http://github.com/DatPhan031023/DatPhan031023.github/product/t-shirt/feed/</wfw:commentRss>
			<slash:comments>0</slash:comments>
		
		
			</item>
	</channel>
</rss>
