<?xml version="1.0" encoding="UTF-8"?><rss version="2.0"
	xmlns:content="http://purl.org/rss/1.0/modules/content/"
	xmlns:wfw="http://wellformedweb.org/CommentAPI/"
	xmlns:dc="http://purl.org/dc/elements/1.1/"
	xmlns:atom="http://www.w3.org/2005/Atom"
	xmlns:sy="http://purl.org/rss/1.0/modules/syndication/"
	xmlns:slash="http://purl.org/rss/1.0/modules/slash/"
	>

<channel>
	<title>Pants &#8211; DP Fashion</title>
	<atom:link href="http://localhost/datphan/product-category/pants/feed/?simply_static_page=173" rel="self" type="application/rss+xml" />
	<link>https://http://github.com/DatPhan031023/DatPhan031023.github</link>
	<description></description>
	<lastBuildDate>Sat, 09 Sep 2023 14:48:43 +0000</lastBuildDate>
	<language>en-US</language>
	<sy:updatePeriod>
	hourly	</sy:updatePeriod>
	<sy:updateFrequency>
	1	</sy:updateFrequency>
	<generator>https://wordpress.org/?v=6.3.1</generator>
	<item>
		<title>Black Pant</title>
		<link>https://http://github.com/DatPhan031023/DatPhan031023.github/product/black-pant/</link>
					<comments>https://http://github.com/DatPhan031023/DatPhan031023.github/product/black-pant/#respond</comments>
		
		<dc:creator><![CDATA[datphan]]></dc:creator>
		<pubDate>Sat, 09 Sep 2023 14:47:57 +0000</pubDate>
				<guid isPermaLink="false">https://http://github.com/DatPhan031023/DatPhan031023.github/?post_type=product#038;p=55</guid>

					<description><![CDATA[]]></description>
										<content:encoded><![CDATA[]]></content:encoded>
					
					<wfw:commentRss>https://http://github.com/DatPhan031023/DatPhan031023.github/product/black-pant/feed/</wfw:commentRss>
			<slash:comments>0</slash:comments>
		
		
			</item>
		<item>
		<title>Khaki Pant</title>
		<link>https://http://github.com/DatPhan031023/DatPhan031023.github/product/khaki-pant/</link>
					<comments>https://http://github.com/DatPhan031023/DatPhan031023.github/product/khaki-pant/#respond</comments>
		
		<dc:creator><![CDATA[datphan]]></dc:creator>
		<pubDate>Sat, 09 Sep 2023 14:47:25 +0000</pubDate>
				<guid isPermaLink="false">https://http://github.com/DatPhan031023/DatPhan031023.github/?post_type=product#038;p=51</guid>

					<description><![CDATA[]]></description>
										<content:encoded><![CDATA[]]></content:encoded>
					
					<wfw:commentRss>https://http://github.com/DatPhan031023/DatPhan031023.github/product/khaki-pant/feed/</wfw:commentRss>
			<slash:comments>0</slash:comments>
		
		
			</item>
	</channel>
</rss>
