<?xml version="1.0" encoding="UTF-8"?><rss version="2.0"
	xmlns:content="http://purl.org/rss/1.0/modules/content/"
	xmlns:wfw="http://wellformedweb.org/CommentAPI/"
	xmlns:dc="http://purl.org/dc/elements/1.1/"
	xmlns:atom="http://www.w3.org/2005/Atom"
	xmlns:sy="http://purl.org/rss/1.0/modules/syndication/"
	xmlns:slash="http://purl.org/rss/1.0/modules/slash/"
	>

<channel>
	<title>Accessories &#8211; DP Fashion</title>
	<atom:link href="http://localhost/datphan/product-category/accessories/feed/?simply_static_page=168" rel="self" type="application/rss+xml" />
	<link>https://http://github.com/DatPhan031023/DatPhan031023.github</link>
	<description></description>
	<lastBuildDate>Sat, 09 Sep 2023 14:51:55 +0000</lastBuildDate>
	<language>en-US</language>
	<sy:updatePeriod>
	hourly	</sy:updatePeriod>
	<sy:updateFrequency>
	1	</sy:updateFrequency>
	<generator>https://wordpress.org/?v=6.3.1</generator>
	<item>
		<title>Apple Watch</title>
		<link>https://http://github.com/DatPhan031023/DatPhan031023.github/product/apple-watch/</link>
					<comments>https://http://github.com/DatPhan031023/DatPhan031023.github/product/apple-watch/#respond</comments>
		
		<dc:creator><![CDATA[datphan]]></dc:creator>
		<pubDate>Sat, 09 Sep 2023 14:51:54 +0000</pubDate>
				<guid isPermaLink="false">https://http://github.com/DatPhan031023/DatPhan031023.github/?post_type=product#038;p=60</guid>

					<description><![CDATA[]]></description>
										<content:encoded><![CDATA[<p><img decoding="async" fetchpriority="high" class="alignnone size-full wp-image-62" src="https://http://github.com/DatPhan031023/DatPhan031023.github/wp-content/uploads/2023/09/myau2-vw-34frwatch-40-alum-blue-nc-6s-vw-34fr-wf-co.jpg" alt="" width="1400" height="1400" /></p>
]]></content:encoded>
					
					<wfw:commentRss>https://http://github.com/DatPhan031023/DatPhan031023.github/product/apple-watch/feed/</wfw:commentRss>
			<slash:comments>0</slash:comments>
		
		
			</item>
		<item>
		<title>Classic Watch</title>
		<link>https://http://github.com/DatPhan031023/DatPhan031023.github/product/classic-watch/</link>
					<comments>https://http://github.com/DatPhan031023/DatPhan031023.github/product/classic-watch/#respond</comments>
		
		<dc:creator><![CDATA[datphan]]></dc:creator>
		<pubDate>Sat, 09 Sep 2023 14:50:24 +0000</pubDate>
				<guid isPermaLink="false">https://http://github.com/DatPhan031023/DatPhan031023.github/?post_type=product#038;p=56</guid>

					<description><![CDATA[]]></description>
										<content:encoded><![CDATA[<p><img decoding="async" class="alignnone size-full wp-image-57" src="https://http://github.com/DatPhan031023/DatPhan031023.github/wp-content/uploads/2023/09/81d6eSA0eL._SY550_.jpg" alt="" width="368" height="550" /></p>
]]></content:encoded>
					
					<wfw:commentRss>https://http://github.com/DatPhan031023/DatPhan031023.github/product/classic-watch/feed/</wfw:commentRss>
			<slash:comments>0</slash:comments>
		
		
			</item>
	</channel>
</rss>
